"","state","year","e85","total_stations","enacted","incentives","tax_incentives","grant_incentives","other_incentives","regulations","eth.production","corn.production","corn.prices","state_abb"
"1","Alabama","2022",31,983,0,0,0,0,0,0,NA,NA,NA,"AL"
"2","Alabama","2009",16,191,2,2,1,0,1,2,0,2.7e+07,3.89,"AL"
"3","Alabama","2016",32,390,0,0,0,0,0,1,0,37800000,3.63,"AL"
"4","Alabama","2021",33,823,0,0,0,0,0,0,NA,NA,NA,"AL"
"5","Alabama","2017",39,489,0,0,0,0,0,1,0,39245000,4.04,"AL"
"6","Alabama","2011",0,9,0,2,1,0,1,2,0,28500000,6.32,"AL"
"7","Alabama","2010",15,153,0,2,1,0,1,2,0,28750000,5.07,"AL"
"8","Alabama","2019",34,651,0,0,0,0,0,0,NA,NA,NA,"AL"
"9","Alabama","2012",0,12,0,2,1,0,1,2,0,28910000,7.18,"AL"
"10","Alabama","2014",32,259,0,1,1,0,0,1,0,45315000,3.75,"AL"
"11","Alabama","2008",6,60,1,1,0,0,1,1,0,24440000,5.26,"AL"
"12","Alabama","2007",3,71,1,0,0,0,0,1,0,21840000,4.54,"AL"
"13","Alabama","2015",31,375,0,1,1,0,0,1,0,36015000,3.74,"AL"
"14","Alabama","2020",29,736,0,0,0,0,0,0,NA,NA,NA,"AL"
"15","Alabama","2013",0,10,0,1,1,0,0,1,0,43365000,4.71,"AL"
"16","Alabama","2018",40,558,0,0,0,0,0,0,NA,NA,NA,"AL"
"17","Alaska","2009",0,11,0,0,0,0,0,1,0,NA,NA,"AK"
"18","Alaska","2008",0,11,0,0,0,0,0,1,0,NA,NA,"AK"
"19","Alaska","2014",0,8,0,0,0,0,0,0,NA,NA,NA,"AK"
"20","Alaska","2022",0,118,0,0,0,0,0,0,NA,NA,NA,"AK"
"21","Alaska","2007",0,11,1,0,0,0,0,1,0,NA,NA,"AK"
"22","Alaska","2020",0,49,0,0,0,0,0,0,NA,NA,NA,"AK"
"23","Alaska","2016",0,13,0,0,0,0,0,0,NA,NA,NA,"AK"
"24","Alaska","2021",0,97,0,0,0,0,0,0,NA,NA,NA,"AK"
"25","Alaska","2011",20,148,0,0,0,0,0,1,0,NA,NA,"AK"
"26","Alaska","2015",0,11,0,0,0,0,0,0,NA,NA,NA,"AK"
"27","Alaska","2019",0,40,0,0,0,0,0,0,NA,NA,NA,"AK"
"28","Alaska","2012",28,198,0,0,0,0,0,0,NA,NA,NA,"AK"
"29","Alaska","2018",0,18,0,0,0,0,0,0,NA,NA,NA,"AK"
"30","Alaska","2017",0,19,0,0,0,0,0,0,NA,NA,NA,"AK"
"31","Alaska","2013",29,225,0,0,0,0,0,0,NA,NA,NA,"AK"
"32","Alaska","2010",0,11,0,0,0,0,0,1,0,NA,NA,"AK"
"33","Arizona","2011",20,91,0,1,0,1,0,1,1144,6230000,6.78,"AZ"
"34","Arizona","2007",13,134,0,0,0,0,0,0,NA,NA,NA,"AZ"
"35","Arizona","2009",26,143,0,1,0,1,0,0,1308,3500000,4.14,"AZ"
"36","Arizona","2021",19,2457,0,0,0,0,0,1,0,3258000,7.65,"AZ"
"37","Arizona","2015",30,1059,0,0,0,0,0,2,1154,7560000,4.98,"AZ"
"38","Arizona","2020",20,1989,0,0,0,0,0,1,0,5858000,5.4,"AZ"
"39","Arizona","2012",33,122,1,1,0,1,0,2,807,6240000,7.84,"AZ"
"40","Arizona","2010",32,157,1,1,0,1,0,1,1176,4620000,5.8,"AZ"
"41","Arizona","2018",22,1447,0,0,0,0,0,1,1184,4400000,4.96,"AZ"
"42","Arizona","2014",30,999,0,1,0,1,0,2,1057,5880000,5.36,"AZ"
"43","Arizona","2017",21,1290,0,0,0,0,0,1,1155,6240000,4.55,"AZ"
"44","Arizona","2008",23,135,1,1,0,1,0,0,1290,2475000,5.8,"AZ"
"45","Arizona","2016",25,1254,0,0,0,0,0,2,1078,10750000,4.73,"AZ"
"46","Arizona","2019",22,1690,0,0,0,0,0,1,531,8547000,5.4,"AZ"
"47","Arizona","2022",17,2829,0,0,0,0,0,0,NA,NA,NA,"AZ"
"48","Arizona","2013",30,120,0,1,0,1,0,2,0,9027000,5.89,"AZ"
"49","Arkansas","2012",32,682,1,1,0,0,1,1,0,123710000,6.81,"AR"
"50","Arkansas","2014",43,155,0,1,0,0,1,1,0,99110000,4.13,"AR"
"51","Arkansas","2016",44,203,0,0,0,0,0,1,0,127395000,3.69,"AR"
"52","Arkansas","2009",10,63,1,1,0,0,1,0,0,60680000,3.79,"AR"
"53","Arkansas","2020",50,455,0,0,0,0,0,0,NA,NA,NA,"AR"
"54","Arkansas","2007",4,51,0,1,0,0,1,0,0,99710000,3.8,"AR"
"55","Arkansas","2021",70,590,0,0,0,0,0,0,NA,NA,NA,"AR"
"56","Arkansas","2011",33,189,0,1,0,0,1,0,0,73320000,6.27,"AR"
"57","Arkansas","2010",13,75,0,1,0,0,1,0,0,5.7e+07,4.55,"AR"
"58","Arkansas","2008",7,49,0,0,0,0,0,0,NA,NA,NA,"AR"
"59","Arkansas","2022",74,735,0,0,0,0,0,0,NA,NA,NA,"AR"
"60","Arkansas","2018",43,224,0,0,0,0,0,0,NA,NA,NA,"AR"
"61","Arkansas","2015",47,182,0,1,0,0,1,1,0,80545000,4.11,"AR"
"62","Arkansas","2019",47,394,0,0,0,0,0,0,NA,NA,NA,"AR"
"63","Arkansas","2017",43,217,0,0,0,0,0,0,NA,NA,NA,"AR"
"64","Arkansas","2013",31,921,0,1,0,0,1,1,0,161820000,5.12,"AR"
"65","California","2022",326,44987,0,0,0,0,0,1,NA,NA,NA,"CA"
"66","California","2013",88,5903,0,0,0,0,0,0,NA,NA,NA,"CA"
"67","California","2009",45,937,0,1,0,0,1,1,1178,28800000,4.28,"CA"
"68","California","2010",54,1011,0,0,0,0,0,1,1443,34560000,5.08,"CA"
"69","California","2015",107,11242,1,1,0,0,1,1,4650,9420000,4.39,"CA"
"70","California","2007",6,856,0,1,0,0,1,1,2128,34580000,4.28,"CA"
"71","California","2018",161,22010,0,1,0,0,1,2,5170,11245000,4.4,"CA"
"72","California","2011",58,2006,0,0,0,0,0,0,NA,NA,NA,"CA"
"73","California","2008",13,862,0,1,0,0,1,1,2270,33150000,4.77,"CA"
"74","California","2019",195,28038,0,0,0,0,0,1,4632,10080000,4.6,"CA"
"75","California","2021",264,42193,0,0,0,0,0,1,2293,9400000,7.3,"CA"
"76","California","2012",71,4261,0,0,0,0,0,0,NA,NA,NA,"CA"
"77","California","2016",119,14969,1,1,0,0,1,2,4717,18500000,4.69,"CA"
"78","California","2017",147,17426,0,1,0,0,1,2,5051,13360000,4.2,"CA"
"79","California","2020",198,35527,0,0,0,0,0,1,2710,11220000,4.75,"CA"
"80","California","2014",94,7758,1,0,0,0,0,1,4514,15675000,4.81,"CA"
"81","Colorado","2008",65,144,1,2,1,1,0,2,2932,138370000,4.14,"CO"
"82","Colorado","2010",86,179,0,2,1,1,0,2,3362,182710000,4.98,"CO"
"83","Colorado","2018",81,1986,0,1,0,1,0,2,3457,154700000,3.7,"CO"
"84","Colorado","2022",95,4589,0,0,0,0,0,0,NA,NA,NA,"CO"
"85","Colorado","2011",83,213,0,2,1,1,0,1,3424,172900000,6.15,"CO"
"86","Colorado","2007",45,157,3,2,1,1,0,1,2196,148400000,3.96,"CO"
"87","Colorado","2016",88,1201,2,1,0,1,0,2,3413,160290000,3.42,"CO"
"88","Colorado","2012",84,407,0,1,0,1,0,1,3409,134330000,6.86,"CO"
"89","Colorado","2014",86,647,1,2,0,2,0,0,3324,147460000,3.95,"CO"
"90","Colorado","2021",96,4163,0,0,0,0,0,0,NA,NA,NA,"CO"
"91","Colorado","2009",80,168,0,2,1,1,0,2,2974,151470000,3.68,"CO"
"92","Colorado","2019",84,2697,0,0,0,0,0,2,3287,159900000,3.68,"CO"
"93","Colorado","2015",89,921,0,2,0,2,0,0,3479,134900000,3.69,"CO"
"94","Colorado","2017",91,1590,0,1,0,1,0,2,3477,185900000,3.37,"CO"
"95","Colorado","2020",88,3417,0,0,0,0,0,1,3212,122960000,4.62,"CO"
"96","Colorado","2013",85,449,0,1,0,1,0,0,3447,128380000,4.61,"CO"
"97","Connecticut","2021",3,1472,0,1,0,1,0,0,0,NA,NA,"CT"
"98","Connecticut","2020",3,1283,0,1,0,1,0,0,0,NA,NA,"CT"
"99","Connecticut","2013",1,254,0,1,0,1,0,0,0,NA,NA,"CT"
"100","Connecticut","2012",1,187,0,1,0,1,0,0,0,NA,NA,"CT"
"101","Connecticut","2022",3,1673,0,0,0,0,0,0,NA,NA,NA,"CT"
"102","Connecticut","2014",3,399,0,1,0,1,0,0,0,NA,NA,"CT"
"103","Connecticut","2011",0,75,0,1,0,1,0,0,0,NA,NA,"CT"
"104","Connecticut","2007",2,32,0,0,0,0,0,0,NA,NA,NA,"CT"
"105","Connecticut","2009",4,31,0,0,0,0,0,0,NA,NA,NA,"CT"
"106","Connecticut","2008",4,31,0,0,0,0,0,0,NA,NA,NA,"CT"
"107","Connecticut","2017",4,838,0,1,0,1,0,0,0,NA,NA,"CT"
"108","Connecticut","2019",3,1093,0,1,0,1,0,0,0,NA,NA,"CT"
"109","Connecticut","2015",4,542,0,1,0,1,0,0,0,NA,NA,"CT"
"110","Connecticut","2010",1,37,1,1,0,1,0,0,0,NA,NA,"CT"
"111","Connecticut","2018",4,889,0,1,0,1,0,0,0,NA,NA,"CT"
"112","Connecticut","2016",4,774,0,1,0,1,0,0,0,NA,NA,"CT"
"113","Delaware","2019",1,186,0,0,0,0,0,0,NA,NA,NA,"DE"
"114","Delaware","2021",1,327,0,0,0,0,0,0,NA,NA,NA,"DE"
"115","Delaware","2011",1,6,0,0,0,0,0,1,0,23660000,6.93,"DE"
"116","Delaware","2012",1,20,0,0,0,0,0,1,0,24030000,7.55,"DE"
"117","Delaware","2010",1,8,1,0,0,0,0,1,0,19722000,6.21,"DE"
"118","Delaware","2015",1,67,0,0,0,0,0,0,NA,NA,NA,"DE"
"119","Delaware","2009",1,7,0,0,0,0,0,0,NA,NA,NA,"DE"
"120","Delaware","2016",1,80,0,0,0,0,0,0,NA,NA,NA,"DE"
"121","Delaware","2008",1,7,0,0,0,0,0,0,NA,NA,NA,"DE"
"122","Delaware","2014",1,37,0,0,0,0,0,1,0,33600000,3.83,"DE"
"123","Delaware","2007",1,8,0,0,0,0,0,0,NA,NA,NA,"DE"
"124","Delaware","2022",2,391,0,0,0,0,0,0,NA,NA,NA,"DE"
"125","Delaware","2020",1,220,0,0,0,0,0,0,NA,NA,NA,"DE"
"126","Delaware","2017",1,115,0,0,0,0,0,0,NA,NA,NA,"DE"
"127","Delaware","2018",1,145,0,0,0,0,0,0,NA,NA,NA,"DE"
"128","Delaware","2013",1,27,0,0,0,0,0,1,0,28884000,4.94,"DE"
"129","District of Columbia","2009",3,7,0,0,0,0,0,0,NA,NA,NA,"DC"
"130","District of Columbia","2020",3,713,0,0,0,0,0,1,0,NA,NA,"DC"
"131","District of Columbia","2019",3,566,1,0,0,0,0,1,0,NA,NA,"DC"
"132","District of Columbia","2022",4,992,0,0,0,0,0,0,NA,NA,NA,"DC"
"133","District of Columbia","2021",4,842,0,0,0,0,0,0,NA,NA,NA,"DC"
"134","District of Columbia","2010",3,8,0,0,0,0,0,0,NA,NA,NA,"DC"
"135","District of Columbia","2017",3,272,0,0,0,0,0,0,NA,NA,NA,"DC"
"136","District of Columbia","2008",3,6,0,0,0,0,0,0,NA,NA,NA,"DC"
"137","District of Columbia","2014",3,146,0,0,0,0,0,0,NA,NA,NA,"DC"
"138","District of Columbia","2011",3,58,0,0,0,0,0,0,NA,NA,NA,"DC"
"139","District of Columbia","2007",3,6,0,0,0,0,0,0,NA,NA,NA,"DC"
"140","District of Columbia","2012",3,112,0,0,0,0,0,0,NA,NA,NA,"DC"
"141","District of Columbia","2013",3,74,0,0,0,0,0,0,NA,NA,NA,"DC"
"142","District of Columbia","2016",4,258,0,0,0,0,0,0,NA,NA,NA,"DC"
"143","District of Columbia","2015",3,246,0,0,0,0,0,0,NA,NA,NA,"DC"
"144","District of Columbia","2018",3,346,0,0,0,0,0,0,NA,NA,NA,"DC"
"145","Florida","2014",62,1446,0,1,1,0,0,0,0,5400000,3.65,"FL"
"146","Florida","2018",88,3330,0,1,0,1,0,0,0,9734000,4.47,"FL"
"147","Florida","2017",82,2802,0,1,0,1,0,0,0,5957000,4.47,"FL"
"148","Florida","2021",111,7039,0,0,0,0,0,0,NA,NA,NA,"FL"
"149","Florida","2010",42,154,0,1,0,0,1,5,0,2725000,4.7,"FL"
"150","Florida","2019",88,4858,0,1,0,1,0,0,0,8694000,4.39,"FL"
"151","Florida","2009",30,125,2,1,0,0,1,5,0,3589000,4,"FL"
"152","Florida","2012",51,1024,1,1,1,0,0,3,0,4600000,7.5,"FL"
"153","Florida","2011",62,520,0,0,0,0,0,5,0,3432000,6.65,"FL"
"154","Florida","2013",54,1165,0,1,1,0,0,3,0,10374000,4.51,"FL"
"155","Florida","2020",94,5794,0,0,0,0,0,0,NA,NA,NA,"FL"
"156","Florida","2008",18,97,3,1,0,0,1,3,0,3850000,4.5,"FL"
"157","Florida","2007",11,94,0,1,0,0,1,0,0,3150000,4,"FL"
"158","Florida","2015",74,2006,1,2,1,1,0,0,0,7050000,3.8,"FL"
"159","Florida","2016",74,2429,0,2,1,1,0,0,0,5800000,3.93,"FL"
"160","Florida","2022",143,8130,0,0,0,0,0,0,NA,NA,NA,"FL"
"161","Georgia","2018",54,2406,0,0,0,0,0,0,NA,NA,NA,"GA"
"162","Georgia","2007",11,96,2,2,0,1,1,1,10,57150000,4.5,"GA"
"163","Georgia","2009",37,122,0,2,0,1,1,1,2388,51800000,4.1,"GA"
"164","Georgia","2011",51,194,1,2,0,0,2,1,1875,42930000,7.3,"GA"
"165","Georgia","2020",66,3861,0,0,0,0,0,0,NA,NA,NA,"GA"
"166","Georgia","2022",58,4308,0,0,0,0,0,0,NA,NA,NA,"GA"
"167","Georgia","2012",59,347,0,2,0,0,2,1,1423,55800000,7.9,"GA"
"168","Georgia","2021",67,4142,0,0,0,0,0,0,NA,NA,NA,"GA"
"169","Georgia","2013",61,539,0,1,0,0,1,1,1347,81375000,5.17,"GA"
"170","Georgia","2017",53,2120,0,0,0,0,0,0,NA,NA,NA,"GA"
"171","Georgia","2014",52,836,0,1,0,0,1,1,2137,52700000,4.17,"GA"
"172","Georgia","2016",56,1736,0,0,0,0,0,0,NA,NA,NA,"GA"
"173","Georgia","2015",58,1372,1,2,1,0,1,0,2334,48735000,3.9,"GA"
"174","Georgia","2010",41,133,0,1,0,0,1,1,2329,35770000,5.95,"GA"
"175","Georgia","2008",28,111,0,2,0,1,1,1,596,43400000,4.5,"GA"
"176","Georgia","2019",52,3140,1,0,0,0,0,1,2792,5.6e+07,4.53,"GA"
"177","Hawaii","2015",3,511,0,1,1,0,0,2,0,NA,NA,"HI"
"178","Hawaii","2009",0,12,0,2,2,0,0,4,0,NA,NA,"HI"
"179","Hawaii","2017",2,646,0,1,1,0,0,1,0,NA,NA,"HI"
"180","Hawaii","2012",3,333,1,1,1,0,0,3,0,NA,NA,"HI"
"181","Hawaii","2010",1,17,1,2,2,0,0,2,0,NA,NA,"HI"
"182","Hawaii","2021",1,845,0,1,1,0,0,0,0,NA,NA,"HI"
"183","Hawaii","2020",2,773,0,1,1,0,0,0,0,NA,NA,"HI"
"184","Hawaii","2014",3,449,0,1,1,0,0,3,0,NA,NA,"HI"
"185","Hawaii","2016",2,587,1,2,2,0,0,1,0,NA,NA,"HI"
"186","Hawaii","2011",1,73,0,2,2,0,0,2,0,NA,NA,"HI"
"187","Hawaii","2007",0,16,2,2,2,0,0,3,0,NA,NA,"HI"
"188","Hawaii","2022",1,955,0,0,0,0,0,0,NA,NA,NA,"HI"
"189","Hawaii","2008",0,15,1,2,2,0,0,4,0,NA,NA,"HI"
"190","Hawaii","2013",3,370,0,1,1,0,0,3,0,NA,NA,"HI"
"191","Hawaii","2018",2,554,0,1,1,0,0,1,0,NA,NA,"HI"
"192","Hawaii","2019",2,680,0,1,1,0,0,1,0,NA,NA,"HI"
"193","Idaho","2016",6,193,0,0,0,0,0,0,NA,NA,NA,"ID"
"194","Idaho","2017",5,221,0,0,0,0,0,0,NA,NA,NA,"ID"
"195","Idaho","2010",7,58,0,1,1,0,0,0,1452,20900000,5.27,"ID"
"196","Idaho","2012",188,289,0,0,0,0,0,0,NA,NA,NA,"ID"
"197","Idaho","2009",5,51,0,3,2,1,0,0,293,14800000,4.23,"ID"
"198","Idaho","2015",7,131,0,0,0,0,0,0,NA,NA,NA,"ID"
"199","Idaho","2018",6,223,0,0,0,0,0,0,NA,NA,NA,"ID"
"200","Idaho","2019",4,261,0,0,0,0,0,0,NA,NA,NA,"ID"
"201","Idaho","2011",167,215,0,1,1,0,0,0,1479,22680000,6.96,"ID"
"202","Idaho","2007",4,73,3,3,2,1,0,0,40,17850000,4.96,"ID"
"203","Idaho","2013",186,305,0,0,0,0,0,0,NA,NA,NA,"ID"
"204","Idaho","2014",8,78,0,0,0,0,0,0,NA,NA,NA,"ID"
"205","Idaho","2008",5,44,0,3,2,1,0,0,876,13600000,4.32,"ID"
"206","Idaho","2022",4,419,0,0,0,0,0,0,NA,NA,NA,"ID"
"207","Idaho","2020",5,324,0,0,0,0,0,0,NA,NA,NA,"ID"
"208","Idaho","2021",5,385,0,0,0,0,0,0,NA,NA,NA,"ID"
"209","Illinois","2019",279,2306,1,1,0,1,0,1,35260,1846200000,3.55,"IL"
"210","Illinois","2008",181,262,1,3,0,0,3,6,23988,2130100000,4.01,"IL"
"211","Illinois","2015",247,1357,1,5,0,2,3,2,37062,2012500000,3.69,"IL"
"212","Illinois","2021",304,3211,0,0,0,0,0,1,34083,2191700000,5.96,"IL"
"213","Illinois","2016",263,1593,0,6,0,3,3,2,41078,2255650000,3.43,"IL"
"214","Illinois","2012",9,62,0,3,0,1,2,7,35647,1286250000,6.87,"IL"
"215","Illinois","2020",284,2785,0,0,0,0,0,1,33807,2120100000,4.46,"IL"
"216","Illinois","2011",9,74,0,3,0,1,2,7,35493,1938950000,6.25,"IL"
"217","Illinois","2009",204,311,2,3,0,0,3,8,30498,2053200000,3.53,"IL"
"218","Illinois","2017",270,1691,1,5,0,2,3,2,39548,2200950000,3.41,"IL"
"219","Illinois","2010",219,341,3,3,0,1,2,9,35621,1946800000,5.24,"IL"
"220","Illinois","2014",234,1200,1,4,0,1,3,5,37807,2.35e+09,3.71,"IL"
"221","Illinois","2007",159,244,2,3,0,0,3,5,21566,2283750000,4.09,"IL"
"222","Illinois","2013",9,66,0,3,0,1,2,5,36403,2100400000,4.52,"IL"
"223","Illinois","2018",280,1853,0,1,0,0,1,2,36449,2.268e+09,3.62,"IL"
"224","Illinois","2022",293,3842,0,0,0,0,0,0,NA,NA,NA,"IL"
"225","Indiana","2016",200,821,0,3,1,1,1,1,27001,946310000,3.63,"IN"
"226","Indiana","2018",211,801,0,2,0,1,1,0,28312,967680000,3.78,"IN"
"227","Indiana","2008",111,162,1,4,2,1,1,1,13847,873600000,4.1,"IN"
"228","Indiana","2014",188,629,0,3,2,0,1,2,23883,1084760000,3.75,"IN"
"229","Indiana","2011",218,491,0,5,3,1,1,3,23786,839500000,6.31,"IN"
"230","Indiana","2017",204,833,1,2,0,1,1,1,27471,9.36e+08,3.56,"IN"
"231","Indiana","2020",234,1112,0,0,0,0,0,0,NA,NA,NA,"IN"
"232","Indiana","2007",98,158,4,4,2,1,1,0,6337,980980000,4.39,"IN"
"233","Indiana","2013",218,899,1,3,2,0,1,2,21749,1031910000,4.47,"IN"
"234","Indiana","2012",206,821,0,4,3,0,1,3,20465,596970000,7.23,"IN"
"235","Indiana","2019",221,938,0,2,0,1,1,0,25137,814580000,3.84,"IN"
"236","Indiana","2010",138,202,1,5,3,1,1,3,22487,898040000,5.38,"IN"
"237","Indiana","2009",112,169,2,5,3,1,1,2,16723,933660000,3.66,"IN"
"238","Indiana","2022",240,1411,0,0,0,0,0,0,NA,NA,NA,"IN"
"239","Indiana","2015",194,720,1,4,2,1,1,1,25175,8.22e+08,3.92,"IN"
"240","Indiana","2021",247,1282,0,0,0,0,0,0,NA,NA,NA,"IN"
"241","Iowa","2016",210,480,0,1,1,0,0,0,95983,2740500000,3.3,"IA"
"242","Iowa","2019",300,704,0,2,2,0,0,0,104135,2583900000,3.5,"IA"
"243","Iowa","2022",346,1320,0,1,1,0,0,0,NA,NA,NA,"IA"
"244","Iowa","2009",124,153,1,3,0,1,2,5,74000,2407300000,3.59,"IA"
"245","Iowa","2011",153,227,0,3,0,1,2,5,89315,2356400000,6.2,"IA"
"246","Iowa","2010",144,173,0,3,0,1,2,5,84071,2153250000,5.23,"IA"
"247","Iowa","2020",315,855,0,2,2,0,0,0,92137,2283300000,4.64,"IA"
"248","Iowa","2014",210,353,1,1,1,0,0,0,89188,2367400000,3.71,"IA"
"249","Iowa","2015",214,423,0,1,1,0,0,0,94058,2505600000,3.52,"IA"
"250","Iowa","2021",342,983,0,2,2,0,0,0,97418,2539800000,6.1,"IA"
"251","Iowa","2012",157,527,0,1,0,0,1,3,86265,1876900000,6.92,"IA"
"252","Iowa","2007",75,112,3,4,0,2,2,4,46548,2376900000,4.29,"IA"
"253","Iowa","2017",247,556,1,2,2,0,0,0,100558,2605800000,3.31,"IA"
"254","Iowa","2013",169,554,0,1,0,0,1,0,87238,2140200000,4.49,"IA"
"255","Iowa","2008",107,136,3,3,0,2,1,6,56123,2188800000,4.1,"IA"
"256","Iowa","2018",267,616,0,2,2,0,0,0,104035,2.499e+09,3.59,"IA"
"257","Kansas","2012",32,148,0,2,1,0,1,1,9648,375250000,7.04,"KS"
"258","Kansas","2013",28,186,0,1,0,0,1,0,9513,5.04e+08,4.49,"KS"
"259","Kansas","2010",39,84,0,2,2,0,0,1,10818,576600000,4.95,"KS"
"260","Kansas","2017",20,827,0,1,0,0,1,0,12160,686400000,3.28,"KS"
"261","Kansas","2022",73,1187,0,0,0,0,0,0,NA,NA,NA,"KS"
"262","Kansas","2011",40,101,1,3,2,0,1,1,10860,449400000,6.28,"KS"
"263","Kansas","2009",31,85,0,2,2,0,0,1,9781,598300000,3.49,"KS"
"264","Kansas","2007",20,73,2,2,2,0,0,0,5530,507840000,4.13,"KS"
"265","Kansas","2020",56,1066,0,0,0,0,0,0,NA,NA,NA,"KS"
"266","Kansas","2008",23,74,1,2,2,0,0,1,10573,482790000,4.12,"KS"
"267","Kansas","2015",26,640,0,1,0,0,1,0,11596,580160000,3.69,"KS"
"268","Kansas","2014",25,263,0,1,0,0,1,0,11678,566200000,3.78,"KS"
"269","Kansas","2018",26,872,0,1,0,0,1,0,12526,642420000,3.58,"KS"
"270","Kansas","2019",38,1002,0,0,0,0,0,0,NA,NA,NA,"KS"
"271","Kansas","2021",63,1143,0,0,0,0,0,0,NA,NA,NA,"KS"
"272","Kansas","2016",21,813,0,1,0,0,1,0,11854,698640000,3.2,"KS"
"273","Kentucky","2010",21,67,2,3,1,1,1,4,814,152520000,5.15,"KY"
"274","Kentucky","2015",68,224,0,2,1,1,0,5,652,225320000,3.88,"KY"
"275","Kentucky","2011",29,75,1,3,1,1,1,5,702,180700000,6.3,"KY"
"276","Kentucky","2012",35,121,0,3,1,1,1,4,630,104040000,6.96,"KY"
"277","Kentucky","2014",62,225,0,3,1,1,1,5,658,225940000,3.94,"KY"
"278","Kentucky","2018",74,342,0,2,1,1,0,0,700,213500000,3.84,"KY"
"279","Kentucky","2009",15,42,0,2,1,1,0,3,842,189750000,3.74,"KY"
"280","Kentucky","2022",73,717,0,1,0,1,0,0,NA,NA,NA,"KY"
"281","Kentucky","2008",11,25,4,2,1,1,0,3,830,152320000,4.36,"KY"
"282","Kentucky","2007",8,34,0,0,0,0,0,1,848,171520000,4.14,"KY"
"283","Kentucky","2013",55,155,1,3,1,1,1,5,654,243100000,4.67,"KY"
"284","Kentucky","2021",75,635,0,1,0,1,0,0,939,276480000,5.79,"KY"
"285","Kentucky","2016",72,294,0,2,1,1,0,3,708,222600000,3.74,"KY"
"286","Kentucky","2020",72,494,0,1,0,1,0,0,928,250240000,4.52,"KY"
"287","Kentucky","2017",73,321,0,2,1,1,0,2,713,217160000,3.69,"KY"
"288","Kentucky","2019",71,433,0,2,1,1,0,0,844,245050000,3.92,"KY"
"289","Louisiana","2010",5,29,2,4,1,1,2,2,30,7e+07,4.9,"LA"
"290","Louisiana","2022",18,563,0,1,1,0,0,0,NA,NA,NA,"LA"
"291","Louisiana","2008",3,18,4,3,1,1,1,2,23,73440000,4.45,"LA"
"292","Louisiana","2007",1,24,0,1,1,0,0,0,0,118990000,3.8,"LA"
"293","Louisiana","2009",5,26,0,3,1,1,1,2,36,80520000,3.55,"LA"
"294","Louisiana","2013",4,114,0,3,1,1,1,1,36,115910000,5.1,"LA"
"295","Louisiana","2018",12,320,0,1,1,0,0,0,0,77850000,3.86,"LA"
"296","Louisiana","2012",4,107,0,4,1,1,2,2,29,91690000,6.9,"LA"
"297","Louisiana","2020",18,453,0,1,1,0,0,0,0,87785000,3.74,"LA"
"298","Louisiana","2021",22,482,0,1,1,0,0,0,0,103395000,5.29,"LA"
"299","Louisiana","2011",2,47,0,4,1,1,2,2,28,76950000,6.1,"LA"
"300","Louisiana","2019",14,392,0,1,1,0,0,0,0,89925000,3.86,"LA"
"301","Louisiana","2017",12,315,0,1,1,0,0,0,0,90160000,3.72,"LA"
"302","Louisiana","2014",8,136,0,3,1,1,1,0,33,71370000,4.15,"LA"
"303","Louisiana","2016",11,242,0,1,1,0,0,0,0,90750000,3.7,"LA"
"304","Louisiana","2015",9,162,0,2,1,0,1,0,0,66690000,4,"LA"
"305","Maine","2011",4,113,1,1,0,0,1,4,0,NA,NA,"ME"
"306","Maine","2010",0,9,2,1,0,0,1,3,0,NA,NA,"ME"
"307","Maine","2008",0,14,0,1,1,0,0,2,0,NA,NA,"ME"
"308","Maine","2020",0,531,0,0,0,0,0,1,0,NA,NA,"ME"
"309","Maine","2015",0,108,0,1,1,0,0,1,0,NA,NA,"ME"
"310","Maine","2009",0,13,1,1,0,0,1,2,0,NA,NA,"ME"
"311","Maine","2022",1,877,0,0,0,0,0,0,NA,NA,NA,"ME"
"312","Maine","2021",0,640,0,0,0,0,0,0,NA,NA,NA,"ME"
"313","Maine","2017",0,240,0,0,0,0,0,1,0,NA,NA,"ME"
"314","Maine","2007",0,11,1,1,1,0,0,2,0,NA,NA,"ME"
"315","Maine","2019",1,452,0,0,0,0,0,1,0,NA,NA,"ME"
"316","Maine","2018",1,282,0,0,0,0,0,1,0,NA,NA,"ME"
"317","Maine","2014",0,61,0,1,1,0,0,1,0,NA,NA,"ME"
"318","Maine","2013",8,607,0,1,1,0,0,2,0,NA,NA,"ME"
"319","Maine","2016",0,204,0,1,1,0,0,1,0,NA,NA,"ME"
"320","Maine","2012",8,469,1,2,1,0,1,4,0,NA,NA,"ME"
"321","Maryland","2009",15,46,0,1,1,0,0,1,0,61625000,3.71,"MD"
"322","Maryland","2022",55,4056,0,0,0,0,0,0,NA,NA,NA,"MD"
"323","Maryland","2010",19,57,0,1,1,0,0,1,0,45580000,6.05,"MD"
"324","Maryland","2007",8,44,0,0,0,0,0,2,0,46965000,4.64,"MD"
"325","Maryland","2021",46,3537,1,1,0,1,0,0,0,74375000,6.39,"MD"
"326","Maryland","2008",12,47,1,1,1,0,0,1,0,48400000,4.42,"MD"
"327","Maryland","2016",34,1227,0,2,1,0,1,0,0,60800000,4.05,"MD"
"328","Maryland","2020",43,2860,1,1,0,1,0,0,0,66650000,5.6,"MD"
"329","Maryland","2011",23,220,0,1,1,0,0,0,0,45780000,6.7,"MD"
"330","Maryland","2012",22,464,0,1,1,0,0,0,0,53070000,7.3,"MD"
"331","Maryland","2014",34,723,1,2,1,0,1,0,0,75250000,3.79,"MD"
"332","Maryland","2013",25,613,0,1,1,0,0,0,0,66360000,4.84,"MD"
"333","Maryland","2018",35,1850,0,0,0,0,0,0,NA,NA,NA,"MD"
"334","Maryland","2015",34,940,0,2,1,0,1,0,0,62320000,3.88,"MD"
"335","Maryland","2019",39,2204,0,0,0,0,0,0,NA,NA,NA,"MD"
"336","Maryland","2017",36,1442,0,1,0,0,1,0,0,72240000,4.02,"MD"
"337","Massachusetts","2008",1,51,0,0,0,0,0,2,0,NA,NA,"MA"
"338","Massachusetts","2012",1,36,0,1,0,0,1,1,0,NA,NA,"MA"
"339","Massachusetts","2020",7,3468,0,0,0,0,0,0,NA,NA,NA,"MA"
"340","Massachusetts","2017",7,1574,0,1,0,0,1,0,0,NA,NA,"MA"
"341","Massachusetts","2009",2,55,5,1,0,0,1,6,0,NA,NA,"MA"
"342","Massachusetts","2007",0,59,1,0,0,0,0,2,0,NA,NA,"MA"
"343","Massachusetts","2015",6,1036,0,1,0,0,1,0,0,NA,NA,"MA"
"344","Massachusetts","2018",7,1860,0,0,0,0,0,0,NA,NA,NA,"MA"
"345","Massachusetts","2014",9,788,0,1,0,0,1,0,0,NA,NA,"MA"
"346","Massachusetts","2022",6,5817,0,0,0,0,0,0,NA,NA,NA,"MA"
"347","Massachusetts","2013",1,41,0,1,0,0,1,0,0,NA,NA,"MA"
"348","Massachusetts","2021",6,4930,0,0,0,0,0,0,NA,NA,NA,"MA"
"349","Massachusetts","2011",0,11,0,1,0,0,1,1,0,NA,NA,"MA"
"350","Massachusetts","2016",7,1331,0,1,0,0,1,0,0,NA,NA,"MA"
"351","Massachusetts","2010",3,57,0,1,0,0,1,6,0,NA,NA,"MA"
"352","Massachusetts","2019",6,2521,0,0,0,0,0,0,NA,NA,NA,"MA"
"353","Michigan","2009",95,199,2,5,2,1,2,4,5114,309320000,3.53,"MI"
"354","Michigan","2008",60,166,3,3,1,1,1,4,5416,295320000,3.84,"MI"
"355","Michigan","2016",254,1535,0,0,0,0,0,1,6824,320280000,3.44,"MI"
"356","Michigan","2017",254,1601,0,0,0,0,0,1,8158,300510000,3.46,"MI"
"357","Michigan","2010",109,221,1,4,2,0,2,5,6590,312900000,5.56,"MI"
"358","Michigan","2020",236,1961,0,1,0,1,0,0,7381,304470000,4.72,"MI"
"359","Michigan","2019",241,1802,0,0,0,0,0,0,NA,NA,NA,"MI"
"360","Michigan","2015",241,1178,0,0,0,0,0,1,6713,335340000,3.63,"MI"
"361","Michigan","2007",51,164,4,3,1,2,0,2,4420,287820000,4.37,"MI"
"362","Michigan","2021",245,2200,1,1,0,1,0,0,7657,346260000,5.86,"MI"
"363","Michigan","2014",220,1050,0,0,0,0,0,1,6704,355810000,3.65,"MI"
"364","Michigan","2022",228,3037,0,0,0,0,0,0,NA,NA,NA,"MI"
"365","Michigan","2011",122,578,1,4,2,1,1,3,6577,335070000,6.14,"MI"
"366","Michigan","2013",163,999,0,1,0,1,0,1,6611,345650000,4.18,"MI"
"367","Michigan","2012",129,896,0,2,0,1,1,2,6395,314160000,6.69,"MI"
"368","Michigan","2018",253,1774,0,0,0,0,0,0,NA,NA,NA,"MI"
"369","Minnesota","2009",351,381,1,2,1,1,0,4,22651,1244100000,3.47,"MN"
"370","Minnesota","2021",454,2073,0,1,0,0,1,0,30446,1387680000,5.91,"MN"
"371","Minnesota","2010",360,396,2,3,2,1,0,5,26246,1292100000,5.01,"MN"
"372","Minnesota","2018",412,1292,0,2,1,1,0,0,29187,1357720000,3.47,"MN"
"373","Minnesota","2017",372,1212,0,2,1,1,0,3,28509,1480220000,3.18,"MN"
"374","Minnesota","2022",437,2267,0,1,0,0,1,0,NA,NA,NA,"MN"
"375","Minnesota","2014",278,780,0,2,1,1,0,3,26791,1177800000,3.58,"MN"
"376","Minnesota","2008",353,385,1,1,1,0,0,4,17133,1166400000,3.92,"MN"
"377","Minnesota","2020",422,1852,0,1,0,0,1,0,27284,1434410000,4.52,"MN"
"378","Minnesota","2019",430,1570,2,3,0,2,1,0,30107,1254250000,3.26,"MN"
"379","Minnesota","2016",314,1083,0,2,1,1,0,3,27920,1.544e+09,3.21,"MN"
"380","Minnesota","2013",336,626,1,2,1,1,0,3,24480,1294260000,4.3,"MN"
"381","Minnesota","2011",364,476,1,3,1,2,0,5,27452,1193500000,6.09,"MN"
"382","Minnesota","2012",360,564,0,3,1,2,0,3,25193,1374450000,6.67,"MN"
"383","Minnesota","2015",289,874,4,3,1,2,0,4,27718,1428800000,3.37,"MN"
"384","Minnesota","2007",313,348,2,1,1,0,0,3,14119,1146100000,4.13,"MN"
"385","Mississippi","2022",5,524,0,0,0,0,0,0,NA,NA,NA,"MS"
"386","Mississippi","2008",2,40,0,0,0,0,0,0,NA,NA,NA,"MS"
"387","Mississippi","2014",3,161,0,0,0,0,0,1,0,89725000,4.24,"MS"
"388","Mississippi","2009",4,47,1,0,0,0,0,1,1285,88960000,3.72,"MS"
"389","Mississippi","2015",3,166,0,1,0,1,0,0,703,85750000,4.01,"MS"
"390","Mississippi","2021",4,520,0,0,0,0,0,0,NA,NA,NA,"MS"
"391","Mississippi","2013",106,333,0,0,0,0,0,1,0,146080000,5.05,"MS"
"392","Mississippi","2019",6,391,0,0,0,0,0,0,NA,NA,NA,"MS"
"393","Mississippi","2020",5,437,0,0,0,0,0,0,NA,NA,NA,"MS"
"394","Mississippi","2018",5,223,0,0,0,0,0,0,NA,NA,NA,"MS"
"395","Mississippi","2011",106,224,0,0,0,0,0,1,993,93440000,6.23,"MS"
"396","Mississippi","2012",110,310,0,0,0,0,0,1,870,131175000,6.94,"MS"
"397","Mississippi","2016",3,175,1,1,0,1,0,0,1181,119520000,3.74,"MS"
"398","Mississippi","2007",1,42,0,0,0,0,0,0,NA,NA,NA,"MS"
"399","Mississippi","2010",3,50,0,0,0,0,0,1,1076,91120000,4.37,"MS"
"400","Mississippi","2017",5,225,0,0,0,0,0,0,NA,NA,NA,"MS"
"401","Missouri","2022",136,2437,0,2,0,2,0,0,NA,NA,NA,"MO"
"402","Missouri","2009",97,182,0,1,1,0,0,0,6209,446760000,3.58,"MO"
"403","Missouri","2021",132,2417,0,1,0,1,0,0,6493,545370000,6.15,"MO"
"404","Missouri","2020",115,2269,0,1,0,1,0,1,6098,560880000,4.59,"MO"
"405","Missouri","2013",1,172,1,2,1,0,1,0,5328,435200000,4.57,"MO"
"406","Missouri","2015",99,720,0,2,1,0,1,1,6506,437360000,3.69,"MO"
"407","Missouri","2008",87,164,1,1,1,0,0,0,5320,381600000,4.11,"MO"
"408","Missouri","2019",111,2102,1,1,0,1,0,1,6597,463450000,3.67,"MO"
"409","Missouri","2012",1,182,0,1,1,0,0,0,5290,247500000,7.34,"MO"
"410","Missouri","2016",92,1349,0,1,1,0,0,1,6646,570500000,3.4,"MO"
"411","Missouri","2017",94,1759,0,1,1,0,0,1,6828,552500000,3.41,"MO"
"412","Missouri","2007",69,186,0,0,0,0,0,0,NA,NA,NA,"MO"
"413","Missouri","2014",101,381,1,2,1,0,1,1,6300,628680000,3.54,"MO"
"414","Missouri","2011",2,51,0,1,1,0,0,0,6036,347700000,6.4,"MO"
"415","Missouri","2018",98,1872,0,1,1,0,0,1,6837,466200000,3.68,"MO"
"416","Missouri","2010",103,193,0,1,1,0,0,0,6143,3.69e+08,5.35,"MO"
"417","Montana","2022",2,284,0,2,2,0,0,0,NA,NA,NA,"MT"
"418","Montana","2011",1,55,0,1,1,0,0,2,0,4572000,6.47,"MT"
"419","Montana","2010",2,64,0,1,1,0,0,2,0,4590000,6,"MT"
"420","Montana","2009",1,53,0,1,1,0,0,2,0,3952000,4.23,"MT"
"421","Montana","2015",2,113,0,1,1,0,0,0,0,5500000,4.01,"MT"
"422","Montana","2012",3,54,0,1,1,0,0,2,0,6240000,7.21,"MT"
"423","Montana","2021",2,243,0,2,2,0,0,0,0,6e+06,6.9,"MT"
"424","Montana","2008",1,37,1,1,1,0,0,2,0,4270000,3.8,"MT"
"425","Montana","2014",2,70,0,1,1,0,0,0,0,7500000,3.77,"MT"
"426","Montana","2007",2,40,2,1,1,0,0,1,0,5320000,4.76,"MT"
"427","Montana","2019",1,183,0,2,2,0,0,0,0,5700000,3.7,"MT"
"428","Montana","2016",2,141,0,1,1,0,0,0,0,5500000,4.15,"MT"
"429","Montana","2020",1,230,0,2,2,0,0,0,0,6649000,4.4,"MT"
"430","Montana","2013",4,59,0,1,1,0,0,0,0,8625000,4.27,"MT"
"431","Montana","2017",2,142,1,1,1,0,0,1,0,4550000,3.41,"MT"
"432","Montana","2018",2,151,1,2,2,0,0,0,0,5780000,3.79,"MT"
"433","Nebraska","2010",58,79,1,1,1,0,0,2,44111,1469100000,5.09,"NE"
"434","Nebraska","2011",29,409,1,2,2,0,0,2,46402,1.536e+09,6.11,"NE"
"435","Nebraska","2015",82,180,0,1,1,0,0,0,46646,1692750000,3.57,"NE"
"436","Nebraska","2009",48,71,0,1,1,0,0,1,28038,1584150000,3.58,"NE"
"437","Nebraska","2016",80,237,1,1,1,0,0,1,48878,1699900000,3.32,"NE"
"438","Nebraska","2008",35,58,2,1,1,0,0,1,28081,1393650000,4.05,"NE"
"439","Nebraska","2017",95,295,1,2,1,1,0,0,49765,1683300000,3.35,"NE"
"440","Nebraska","2007",27,53,0,0,0,0,0,0,NA,NA,NA,"NE"
"441","Nebraska","2020",88,419,0,1,0,1,0,1,42863,1780200000,4.47,"NE"
"442","Nebraska","2012",30,726,0,2,2,0,0,2,42693,1292200000,6.85,"NE"
"443","Nebraska","2019",97,375,1,2,1,1,0,1,50117,1785420000,3.52,"NE"
"444","Nebraska","2021",120,537,0,1,0,1,0,1,48251,1854640000,5.96,"NE"
"445","Nebraska","2014",80,160,0,1,1,0,0,0,46343,1602050000,3.77,"NE"
"446","Nebraska","2018",88,330,0,2,1,1,0,0,49723,1785600000,3.58,"NE"
"447","Nebraska","2022",126,631,0,0,0,0,0,0,NA,NA,NA,"NE"
"448","Nebraska","2013",22,814,0,1,1,0,0,1,42754,1613950000,4.47,"NE"
"449","Nevada","2015",20,376,0,0,0,0,0,2,0,NA,NA,"NV"
"450","Nevada","2014",21,330,0,0,0,0,0,3,0,NA,NA,"NV"
"451","Nevada","2012",79,106,0,0,0,0,0,3,0,NA,NA,"NV"
"452","Nevada","2022",19,1711,0,0,0,0,0,0,NA,NA,NA,"NV"
"453","Nevada","2007",6,73,0,0,0,0,0,0,NA,NA,NA,"NV"
"454","Nevada","2011",74,97,1,0,0,0,0,3,0,NA,NA,"NV"
"455","Nevada","2009",14,68,2,0,0,0,0,2,0,NA,NA,"NV"
"456","Nevada","2018",14,712,0,0,0,0,0,1,0,NA,NA,"NV"
"457","Nevada","2020",12,1206,0,0,0,0,0,0,NA,NA,NA,"NV"
"458","Nevada","2021",12,1395,0,0,0,0,0,0,NA,NA,NA,"NV"
"459","Nevada","2010",26,89,0,0,0,0,0,2,0,NA,NA,"NV"
"460","Nevada","2013",58,84,0,0,0,0,0,3,0,NA,NA,"NV"
"461","Nevada","2019",12,976,0,0,0,0,0,1,0,NA,NA,"NV"
"462","Nevada","2017",19,675,0,0,0,0,0,1,0,NA,NA,"NV"
"463","Nevada","2008",16,69,0,0,0,0,0,0,NA,NA,NA,"NV"
"464","Nevada","2016",20,557,0,0,0,0,0,1,0,NA,NA,"NV"
"465","New Hampshire","2017",0,232,0,0,0,0,0,0,NA,NA,NA,"NH"
"466","New Hampshire","2012",77,118,1,1,0,1,0,3,0,NA,NA,"NH"
"467","New Hampshire","2019",0,277,0,0,0,0,0,0,NA,NA,NA,"NH"
"468","New Hampshire","2021",0,375,0,0,0,0,0,0,NA,NA,NA,"NH"
"469","New Hampshire","2009",0,25,0,1,0,1,0,1,0,NA,NA,"NH"
"470","New Hampshire","2013",75,137,0,0,0,0,0,3,0,NA,NA,"NH"
"471","New Hampshire","2016",0,212,0,0,0,0,0,0,NA,NA,NA,"NH"
"472","New Hampshire","2010",0,25,1,1,0,1,0,2,0,NA,NA,"NH"
"473","New Hampshire","2011",68,92,1,1,0,1,0,3,0,NA,NA,"NH"
"474","New Hampshire","2015",0,156,0,0,0,0,0,1,0,NA,NA,"NH"
"475","New Hampshire","2014",1,88,0,0,0,0,0,2,0,NA,NA,"NH"
"476","New Hampshire","2018",0,265,0,0,0,0,0,0,NA,NA,NA,"NH"
"477","New Hampshire","2020",0,319,0,0,0,0,0,0,NA,NA,NA,"NH"
"478","New Hampshire","2022",0,490,0,0,0,0,0,0,NA,NA,NA,"NH"
"479","New Hampshire","2008",0,33,1,1,0,1,0,1,0,NA,NA,"NH"
"480","New Hampshire","2007",0,37,0,0,0,0,0,1,0,NA,NA,"NH"
"481","New Jersey","2022",6,2744,0,0,0,0,0,0,NA,NA,NA,"NJ"
"482","New Jersey","2019",6,1351,0,0,0,0,0,0,NA,NA,NA,"NJ"
"483","New Jersey","2017",4,629,0,0,0,0,0,1,0,11690000,3.75,"NJ"
"484","New Jersey","2020",6,1702,0,0,0,0,0,0,NA,NA,NA,"NJ"
"485","New Jersey","2010",4,42,0,1,0,0,1,0,0,8094000,6.05,"NJ"
"486","New Jersey","2021",6,2060,0,0,0,0,0,0,NA,NA,NA,"NJ"
"487","New Jersey","2011",0,36,0,0,0,0,0,0,NA,NA,NA,"NJ"
"488","New Jersey","2008",0,22,0,1,0,0,1,0,0,8584000,4.15,"NJ"
"489","New Jersey","2009",2,31,0,1,0,0,1,0,0,10010000,3.73,"NJ"
"490","New Jersey","2015",5,465,0,0,0,0,0,1,0,10584000,3.85,"NJ"
"491","New Jersey","2018",6,801,0,0,0,0,0,0,NA,NA,NA,"NJ"
"492","New Jersey","2012",0,59,0,0,0,0,0,0,NA,NA,NA,"NJ"
"493","New Jersey","2013",0,58,1,0,0,0,0,1,0,11120000,4.66,"NJ"
"494","New Jersey","2014",5,306,0,0,0,0,0,1,0,12403000,3.8,"NJ"
"495","New Jersey","2016",5,565,0,0,0,0,0,1,0,10295000,3.9,"NJ"
"496","New Jersey","2007",0,21,1,1,0,0,1,0,0,10168000,4.65,"NJ"
"497","New Mexico","2017",11,257,0,1,0,1,0,1,0,5762000,3.9,"NM"
"498","New Mexico","2016",10,220,0,1,0,1,0,1,0,6150000,3.93,"NM"
"499","New Mexico","2007",6,75,0,0,0,0,0,2,719,9720000,5.2,"NM"
"500","New Mexico","2022",17,599,0,0,0,0,0,0,NA,NA,NA,"NM"
"501","New Mexico","2009",10,77,2,0,0,0,0,4,654,9500000,4.12,"NM"
"502","New Mexico","2012",5,235,0,0,0,0,0,2,484,7310000,7.3,"NM"
"503","New Mexico","2015",10,187,1,1,0,1,0,1,0,7200000,4.58,"NM"
"504","New Mexico","2020",14,457,0,0,0,0,0,0,NA,NA,NA,"NM"
"505","New Mexico","2018",12,273,0,0,0,0,0,0,NA,NA,NA,"NM"
"506","New Mexico","2014",14,140,0,0,0,0,0,1,545,9360000,4.35,"NM"
"507","New Mexico","2021",18,543,0,0,0,0,0,0,NA,NA,NA,"NM"
"508","New Mexico","2008",8,76,0,0,0,0,0,2,528,10175000,5.3,"NM"
"509","New Mexico","2010",11,82,0,0,0,0,0,2,598,11880000,5.03,"NM"
"510","New Mexico","2013",5,268,0,0,0,0,0,2,608,7220000,5.18,"NM"
"511","New Mexico","2011",4,110,0,0,0,0,0,2,552,8100000,6.35,"NM"
"512","New Mexico","2019",14,336,0,0,0,0,0,0,NA,NA,NA,"NM"
"513","New York","2019",71,4765,0,1,1,0,0,0,3519,86110000,4.2,"NY"
"514","New York","2018",72,2807,0,1,1,0,0,0,3308,97785000,4.16,"NY"
"515","New York","2014",83,1336,0,3,0,2,1,1,3490,100640000,4.11,"NY"
"516","New York","2012",14,112,0,5,0,3,2,1,3095,91120000,6.78,"NY"
"517","New York","2010",75,238,0,5,1,3,1,2,2482,87910000,6.3,"NY"
"518","New York","2022",79,9730,0,0,0,0,0,0,NA,NA,NA,"NY"
"519","New York","2017",72,2228,0,1,1,0,0,0,3687,78085000,4.07,"NY"
"520","New York","2013",13,110,0,3,0,2,1,1,3762,94530000,4.52,"NY"
"521","New York","2020",75,6301,0,0,0,0,0,0,NA,NA,NA,"NY"
"522","New York","2008",17,145,2,3,1,2,0,3,2064,92160000,4.32,"NY"
"523","New York","2015",85,1570,0,0,0,0,0,1,3465,84370000,4.01,"NY"
"524","New York","2011",9,81,2,6,0,4,2,1,3063,82460000,6.9,"NY"
"525","New York","2021",79,7834,0,0,0,0,0,0,NA,NA,NA,"NY"
"526","New York","2009",38,177,2,5,1,3,1,3,1189,79730000,4.02,"NY"
"527","New York","2016",79,1936,1,1,1,0,0,1,3801,73530000,3.9,"NY"
"528","New York","2007",8,83,1,1,1,0,0,3,100,70400000,5.05,"NY"
"529","North Carolina","2017",79,1704,0,0,0,0,0,0,NA,NA,NA,"NC"
"530","North Carolina","2013",20,182,1,6,4,2,0,1,0,122120000,4.96,"NC"
"531","North Carolina","2014",23,967,0,4,4,0,0,1,0,102960000,4.19,"NC"
"532","North Carolina","2019",89,2223,0,0,0,0,0,0,NA,NA,NA,"NC"
"533","North Carolina","2021",100,3102,0,0,0,0,0,0,NA,NA,NA,"NC"
"534","North Carolina","2008",14,136,0,1,0,1,0,1,0,64740000,4.91,"NC"
"535","North Carolina","2020",96,2597,0,0,0,0,0,0,NA,NA,NA,"NC"
"536","North Carolina","2009",19,227,1,2,0,1,1,1,0,93600000,3.9,"NC"
"537","North Carolina","2018",86,1818,0,0,0,0,0,0,NA,NA,NA,"NC"
"538","North Carolina","2007",12,138,0,1,0,1,0,1,0,1.01e+08,4,"NC"
"539","North Carolina","2010",20,254,3,4,1,2,1,0,0,76440000,5.18,"NC"
"540","North Carolina","2012",19,128,3,7,4,2,1,0,0,95940000,7.48,"NC"
"541","North Carolina","2011",23,109,0,4,1,2,1,0,0,68460000,7.04,"NC"
"542","North Carolina","2015",26,1113,0,1,1,0,0,1,0,82490000,4.32,"NC"
"543","North Carolina","2016",58,1366,0,1,1,0,0,0,0,121260000,4.07,"NC"
"544","North Carolina","2022",107,3353,1,1,0,1,0,0,NA,NA,NA,"NC"
"545","North Dakota","2011",82,480,0,1,0,1,0,1,7721,216300000,5.81,"ND"
"546","North Dakota","2019",41,114,1,1,1,0,0,0,12407,410030000,3.07,"ND"
"547","North Dakota","2012",84,780,0,1,0,1,0,1,7329,422120000,6.46,"ND"
"548","North Dakota","2020",38,165,0,0,0,0,0,0,NA,NA,NA,"ND"
"549","North Dakota","2014",77,104,0,0,0,0,0,0,NA,NA,NA,"ND"
"550","North Dakota","2008",30,46,1,1,1,0,0,2,3666,285200000,3.74,"ND"
"551","North Dakota","2016",43,80,0,0,0,0,0,0,NA,NA,NA,"ND"
"552","North Dakota","2013",81,995,0,1,0,1,0,0,7344,3.96e+08,3.91,"ND"
"553","North Dakota","2017",41,83,0,1,1,0,0,0,12205,448970000,3.04,"ND"
"554","North Dakota","2022",42,235,0,0,0,0,0,0,NA,NA,NA,"ND"
"555","North Dakota","2021",49,210,0,0,0,0,0,0,NA,NA,NA,"ND"
"556","North Dakota","2010",55,85,0,1,0,1,0,1,7451,248160000,5.01,"ND"
"557","North Dakota","2015",53,86,0,0,0,0,0,0,NA,NA,NA,"ND"
"558","North Dakota","2007",23,41,0,1,1,0,0,1,3255,272600000,4.06,"ND"
"559","North Dakota","2018",44,100,0,1,1,0,0,0,12242,448290000,3.32,"ND"
"560","North Dakota","2009",30,59,1,1,0,1,0,1,6197,200100000,3.18,"ND"
"561","Ohio","2012",88,355,0,2,1,1,0,1,10799,4.38e+08,7.09,"OH"
"562","Ohio","2021",213,2558,0,1,0,1,0,0,13988,644620000,5.92,"OH"
"563","Ohio","2013",97,385,1,3,1,2,0,0,11291,650760000,4.41,"OH"
"564","Ohio","2020",193,2178,0,1,0,1,0,0,12725,564300000,4.69,"OH"
"565","Ohio","2008",64,162,3,4,2,1,1,1,7941,408720000,4.21,"OH"
"566","Ohio","2014",128,501,0,3,1,2,0,0,13313,612480000,3.78,"OH"
"567","Ohio","2022",209,3139,0,0,0,0,0,0,NA,NA,NA,"OH"
"568","Ohio","2018",165,1291,0,2,0,2,0,0,15131,617100000,3.74,"OH"
"569","Ohio","2015",136,674,0,2,0,2,0,0,13507,498780000,3.89,"OH"
"570","Ohio","2011",84,223,0,4,2,1,1,1,11205,489600000,6.44,"OH"
"571","Ohio","2019",180,1691,0,1,0,1,0,0,14934,421480000,3.91,"OH"
"572","Ohio","2010",67,169,0,4,2,1,1,1,9669,523200000,5.45,"OH"
"573","Ohio","2009",63,162,0,4,2,1,1,1,6256,536940000,3.55,"OH"
"574","Ohio","2007",47,155,0,2,1,1,0,0,42,541500000,4.29,"OH"
"575","Ohio","2016",151,856,0,2,0,2,0,0,13978,524700000,3.61,"OH"
"576","Ohio","2017",164,1113,1,2,0,2,0,0,14573,557550000,3.61,"OH"
"577","Oklahoma","2014",25,321,0,2,1,0,1,2,0,42630000,4.11,"OK"
"578","Oklahoma","2017",32,431,0,1,0,0,1,1,0,38430000,3.59,"OK"
"579","Oklahoma","2012",27,203,0,1,0,0,1,2,0,32450000,7.04,"OK"
"580","Oklahoma","2013",27,307,3,3,1,0,2,2,0,44950000,5.09,"OK"
"581","Oklahoma","2010",13,126,0,1,0,0,1,4,0,43520000,4.66,"OK"
"582","Oklahoma","2022",95,1428,0,0,0,0,0,0,NA,NA,NA,"OK"
"583","Oklahoma","2019",56,617,0,0,0,0,0,0,NA,NA,NA,"OK"
"584","Oklahoma","2011",15,140,0,1,0,0,1,3,0,17480000,6.22,"OK"
"585","Oklahoma","2007",4,131,1,1,1,0,0,2,0,39150000,4.07,"OK"
"586","Oklahoma","2009",11,123,2,2,1,0,1,4,0,33600000,3.71,"OK"
"587","Oklahoma","2018",52,481,0,0,0,0,0,1,0,36180000,3.86,"OK"
"588","Oklahoma","2016",29,407,0,1,0,0,1,2,0,42350000,3.39,"OK"
"589","Oklahoma","2008",6,127,1,1,1,0,0,3,0,35200000,4.46,"OK"
"590","Oklahoma","2020",69,1004,0,0,0,0,0,0,NA,NA,NA,"OK"
"591","Oklahoma","2021",88,1411,0,0,0,0,0,0,NA,NA,NA,"OK"
"592","Oklahoma","2015",31,362,0,1,0,0,1,2,0,36120000,3.93,"OK"
"593","Oregon","2022",5,2572,0,0,0,0,0,0,NA,NA,NA,"OR"
"594","Oregon","2013",8,995,0,4,3,0,1,0,882,6768000,5.44,"OR"
"595","Oregon","2012",8,855,1,4,3,0,1,0,802,10660000,6.96,"OR"
"596","Oregon","2009",8,99,0,5,5,0,0,0,1380,6880000,4.12,"OR"
"597","Oregon","2020",4,2227,0,0,0,0,0,0,NA,NA,NA,"OR"
"598","Oregon","2014",7,1071,1,4,2,0,2,0,1040,7410000,4.45,"OR"
"599","Oregon","2017",10,1518,0,3,2,0,1,0,970,9328000,3.78,"OR"
"600","Oregon","2018",10,1698,0,0,0,0,0,0,NA,NA,NA,"OR"
"601","Oregon","2019",9,2024,0,0,0,0,0,0,NA,NA,NA,"OR"
"602","Oregon","2011",9,392,1,6,5,0,1,0,832,10965000,6.95,"OR"
"603","Oregon","2010",8,112,0,5,5,0,0,0,855,7600000,5.94,"OR"
"604","Oregon","2008",8,102,3,7,5,2,0,0,1782,6435000,4.15,"OR"
"605","Oregon","2016",10,1416,0,3,2,0,1,0,904,8970000,4.25,"OR"
"606","Oregon","2015",8,1205,0,3,2,0,1,0,947,5640000,4,"OR"
"607","Oregon","2021",4,2541,0,0,0,0,0,0,NA,NA,NA,"OR"
"608","Oregon","2007",6,94,0,4,2,2,0,0,349,7e+06,4.36,"OR"
"609","Pennsylvania","2017",75,1044,0,0,0,0,0,0,NA,NA,NA,"PA"
"610","Pennsylvania","2016",41,897,0,1,0,1,0,0,2474,122550000,4.04,"PA"
"611","Pennsylvania","2015",37,699,0,1,0,1,0,0,2283,138180000,3.97,"PA"
"612","Pennsylvania","2014",33,542,0,1,0,1,0,0,2341,158620000,3.9,"PA"
"613","Pennsylvania","2019",125,1803,0,0,0,0,0,0,NA,NA,NA,"PA"
"614","Pennsylvania","2009",26,127,2,1,1,0,0,3,0,130640000,3.84,"PA"
"615","Pennsylvania","2013",33,429,1,2,0,2,0,0,2523,159140000,4.47,"PA"
"616","Pennsylvania","2021",146,2993,0,0,0,0,0,0,NA,NA,NA,"PA"
"617","Pennsylvania","2020",143,2378,0,0,0,0,0,0,NA,NA,NA,"PA"
"618","Pennsylvania","2018",123,1297,0,0,0,0,0,0,NA,NA,NA,"PA"
"619","Pennsylvania","2007",12,150,2,0,0,0,0,2,0,121520000,4.56,"PA"
"620","Pennsylvania","2011",35,176,0,2,1,1,0,1,2055,106560000,7.05,"PA"
"621","Pennsylvania","2008",19,114,0,0,0,0,0,2,0,117040000,4.16,"PA"
"622","Pennsylvania","2010",37,140,1,2,1,1,0,3,2339,116480000,6.12,"PA"
"623","Pennsylvania","2012",32,368,0,2,1,1,0,1,2076,1.31e+08,7.21,"PA"
"624","Pennsylvania","2022",172,3594,0,0,0,0,0,0,NA,NA,NA,"PA"
"625","Rhode Island","2008",0,15,0,2,1,0,1,0,0,NA,NA,"RI"
"626","Rhode Island","2022",0,781,0,0,0,0,0,0,NA,NA,NA,"RI"
"627","Rhode Island","2016",0,222,0,0,0,0,0,1,0,NA,NA,"RI"
"628","Rhode Island","2019",0,420,0,0,0,0,0,0,NA,NA,NA,"RI"
"629","Rhode Island","2010",0,13,0,0,0,0,0,0,NA,NA,NA,"RI"
"630","Rhode Island","2020",0,562,0,0,0,0,0,0,NA,NA,NA,"RI"
"631","Rhode Island","2021",0,637,0,0,0,0,0,0,NA,NA,NA,"RI"
"632","Rhode Island","2015",0,197,1,0,0,0,0,2,0,NA,NA,"RI"
"633","Rhode Island","2007",0,13,0,3,2,0,1,0,0,NA,NA,"RI"
"634","Rhode Island","2014",0,166,0,0,0,0,0,1,0,NA,NA,"RI"
"635","Rhode Island","2012",0,55,0,0,0,0,0,1,0,NA,NA,"RI"
"636","Rhode Island","2011",0,18,1,0,0,0,0,1,0,NA,NA,"RI"
"637","Rhode Island","2018",0,263,0,0,0,0,0,0,NA,NA,NA,"RI"
"638","Rhode Island","2009",0,12,0,1,0,0,1,0,0,NA,NA,"RI"
"639","Rhode Island","2013",1,163,0,0,0,0,0,1,0,NA,NA,"RI"
"640","Rhode Island","2017",0,232,0,0,0,0,0,1,0,NA,NA,"RI"
"641","South Carolina","2012",84,370,0,3,2,0,1,1,0,37820000,7.5,"SC"
"642","South Carolina","2008",72,169,0,5,4,0,1,1,0,19845000,4.59,"SC"
"643","South Carolina","2020",49,878,0,2,2,0,0,0,0,48840000,4.36,"SC"
"644","South Carolina","2010",101,165,0,5,4,0,1,1,0,28140000,5.49,"SC"
"645","South Carolina","2022",60,1137,0,0,0,0,0,0,NA,NA,NA,"SC"
"646","South Carolina","2011",100,246,0,5,4,0,1,1,0,21450000,6.6,"SC"
"647","South Carolina","2019",53,803,0,2,2,0,0,0,0,37100000,4.64,"SC"
"648","South Carolina","2017",64,642,0,2,2,0,0,1,0,44200000,4.4,"SC"
"649","South Carolina","2007",55,159,4,5,4,0,1,1,0,35890000,3.88,"SC"
"650","South Carolina","2009",87,142,0,5,4,0,1,1,0,35520000,3.86,"SC"
"651","South Carolina","2021",46,999,0,0,0,0,0,0,NA,NA,NA,"SC"
"652","South Carolina","2013",82,417,0,2,2,0,0,1,0,43215000,4.67,"SC"
"653","South Carolina","2014",71,416,1,2,2,0,0,2,0,32760000,3.9,"SC"
"654","South Carolina","2015",68,493,1,3,2,0,1,1,0,24180000,4.06,"SC"
"655","South Carolina","2016",67,535,0,2,2,0,0,1,0,44450000,3.69,"SC"
"656","South Carolina","2018",66,706,0,2,2,0,0,0,0,39370000,4.5,"SC"
"657","South Dakota","2011",102,120,0,0,0,0,0,5,24250,653400000,6.03,"SD"
"658","South Dakota","2010",101,121,2,1,0,1,0,5,24545,569700000,5.09,"SD"
"659","South Dakota","2020",80,236,0,2,1,1,0,0,27664,720900000,4.37,"SD"
"660","South Dakota","2022",81,275,0,2,1,1,0,0,NA,NA,NA,"SD"
"661","South Dakota","2009",78,96,1,0,0,0,0,4,22218,706680000,3.23,"SD"
"662","South Dakota","2007",59,76,1,0,0,0,0,1,14163,542080000,4.17,"SD"
"663","South Dakota","2018",77,181,0,2,1,1,0,0,28987,777600000,3.38,"SD"
"664","South Dakota","2014",82,134,0,2,1,1,0,0,24945,787360000,3.34,"SD"
"665","South Dakota","2021",83,260,0,2,1,1,0,0,31042,734320000,6.11,"SD"
"666","South Dakota","2012",100,128,2,2,1,1,0,4,23403,535300000,6.72,"SD"
"667","South Dakota","2008",78,94,2,0,0,0,0,3,18995,585200000,3.78,"SD"
"668","South Dakota","2017",77,152,0,2,1,1,0,0,28199,736600000,3.09,"SD"
"669","South Dakota","2019",83,233,0,2,1,1,0,0,28809,557280000,3.32,"SD"
"670","South Dakota","2016",75,145,0,2,1,1,0,0,27026,825930000,3.09,"SD"
"671","South Dakota","2015",80,129,0,2,1,1,0,0,26658,799770000,3.3,"SD"
"672","South Dakota","2013",87,119,0,2,1,1,0,1,24398,802820000,4.05,"SD"
"673","Tennessee","2018",78,1343,0,1,0,1,0,0,4376,112560000,3.76,"TN"
"674","Tennessee","2020",89,1525,0,0,0,0,0,0,NA,NA,NA,"TN"
"675","Tennessee","2019",73,1381,0,0,0,0,0,0,NA,NA,NA,"TN"
"676","Tennessee","2021",95,1830,0,0,0,0,0,0,NA,NA,NA,"TN"
"677","Tennessee","2022",92,1848,0,0,0,0,0,0,NA,NA,NA,"TN"
"678","Tennessee","2016",79,1216,0,1,0,1,0,0,4429,125330000,3.66,"TN"
"679","Tennessee","2007",11,118,0,1,0,0,1,2,1605,83740000,3.8,"TN"
"680","Tennessee","2011",44,294,0,1,0,1,0,3,4385,96285000,6.56,"TN"
"681","Tennessee","2017",81,1271,0,1,0,1,0,0,4455,121410000,3.55,"TN"
"682","Tennessee","2008",25,104,4,2,0,1,1,5,1962,74340000,4.53,"TN"
"683","Tennessee","2012",43,908,0,1,0,1,0,3,4001,81600000,7.28,"TN"
"684","Tennessee","2010",39,170,0,1,0,1,0,4,4119,74880000,4.74,"TN"
"685","Tennessee","2014",66,1138,1,1,0,1,0,2,4184,141120000,3.81,"TN"
"686","Tennessee","2009",29,114,0,2,0,1,1,5,4072,87320000,3.65,"TN"
"687","Tennessee","2015",69,1086,0,1,0,1,0,2,4145,116800000,3.92,"TN"
"688","Tennessee","2013",52,1073,0,0,0,0,0,2,4157,126360000,4.87,"TN"
"689","Texas","2013",81,2231,0,1,0,0,1,1,4987,265200000,5.14,"TX"
"690","Texas","2017",215,3573,0,0,0,0,0,1,8663,313600000,3.7,"TX"
"691","Texas","2009",41,629,2,2,0,2,0,1,3985,243040000,4.01,"TX"
"692","Texas","2008",35,593,1,2,0,2,0,0,4495,239540000,4.82,"TX"
"693","Texas","2007",33,635,0,1,0,1,0,0,0,291560000,4.35,"TX"
"694","Texas","2020",241,5624,1,1,0,1,0,0,5549,231680000,4.52,"TX"
"695","Texas","2022",257,7047,0,1,0,1,0,0,NA,NA,NA,"TX"
"696","Texas","2016",193,3290,0,0,0,0,0,1,8500,323850000,3.71,"TX"
"697","Texas","2011",58,992,0,2,0,1,1,1,5722,133770000,6.61,"TX"
"698","Texas","2012",80,1940,0,2,0,1,1,1,6737,199950000,7.12,"TX"
"699","Texas","2019",232,4847,0,0,0,0,0,0,NA,NA,NA,"TX"
"700","Texas","2010",48,646,1,2,0,1,1,1,4984,299520000,4.67,"TX"
"701","Texas","2014",136,2541,0,1,0,0,1,1,7308,294520000,4.42,"TX"
"702","Texas","2015",197,2864,0,0,0,0,0,1,8241,265950000,4.2,"TX"
"703","Texas","2018",220,3968,0,0,0,0,0,1,8266,1.89e+08,4.13,"TX"
"704","Texas","2021",269,6278,0,1,0,1,0,0,6974,236800000,6.18,"TX"
"705","Utah","2013",3,200,0,0,0,0,0,0,NA,NA,NA,"UT"
"706","Utah","2011",4,124,0,0,0,0,0,0,NA,NA,NA,"UT"
"707","Utah","2007",4,93,0,0,0,0,0,0,NA,NA,NA,"UT"
"708","Utah","2010",5,109,0,0,0,0,0,0,NA,NA,NA,"UT"
"709","Utah","2016",1,446,0,0,0,0,0,1,0,5075000,3.87,"UT"
"710","Utah","2015",3,417,1,0,0,0,0,1,0,2941000,4.68,"UT"
"711","Utah","2012",4,191,0,0,0,0,0,0,NA,NA,NA,"UT"
"712","Utah","2017",1,521,0,0,0,0,0,1,0,3520000,3.96,"UT"
"713","Utah","2021",1,2059,0,0,0,0,0,0,NA,NA,NA,"UT"
"714","Utah","2018",2,662,0,0,0,0,0,1,0,4004000,4.31,"UT"
"715","Utah","2008",5,95,0,0,0,0,0,0,NA,NA,NA,"UT"
"716","Utah","2020",2,1710,0,0,0,0,0,0,NA,NA,NA,"UT"
"717","Utah","2014",3,270,0,0,0,0,0,0,NA,NA,NA,"UT"
"718","Utah","2019",2,1044,0,0,0,0,0,1,0,3718000,4.3,"UT"
"719","Utah","2009",5,92,0,0,0,0,0,0,NA,NA,NA,"UT"
"720","Utah","2022",1,1938,0,0,0,0,0,0,NA,NA,NA,"UT"
"721","Vermont","2014",1,129,0,1,1,0,0,2,0,NA,NA,"VT"
"722","Vermont","2017",0,442,1,1,1,0,0,2,0,NA,NA,"VT"
"723","Vermont","2009",0,10,1,0,0,0,0,1,0,NA,NA,"VT"
"724","Vermont","2020",0,803,0,0,0,0,0,1,0,NA,NA,"VT"
"725","Vermont","2008",0,11,0,0,0,0,0,0,NA,NA,NA,"VT"
"726","Vermont","2011",15,185,1,0,0,0,0,2,0,NA,NA,"VT"
"727","Vermont","2012",18,408,1,0,0,0,0,3,0,NA,NA,"VT"
"728","Vermont","2010",0,13,0,0,0,0,0,1,0,NA,NA,"VT"
"729","Vermont","2015",1,285,1,1,1,0,0,2,0,NA,NA,"VT"
"730","Vermont","2016",1,398,0,1,1,0,0,1,0,NA,NA,"VT"
"731","Vermont","2007",0,15,0,0,0,0,0,0,NA,NA,NA,"VT"
"732","Vermont","2022",0,901,0,0,0,0,0,0,NA,NA,NA,"VT"
"733","Vermont","2018",0,542,0,0,0,0,0,2,0,NA,NA,"VT"
"734","Vermont","2019",0,670,0,0,0,0,0,2,0,NA,NA,"VT"
"735","Vermont","2013",19,480,1,1,1,0,0,2,0,NA,NA,"VT"
"736","Vermont","2021",0,877,0,0,0,0,0,0,NA,NA,NA,"VT"
"737","Virginia","2022",72,3839,0,0,0,0,0,0,NA,NA,NA,"VA"
"738","Virginia","2011",0,18,1,2,1,0,1,2,0,40120000,6.58,"VA"
"739","Virginia","2016",22,1139,0,0,0,0,0,0,NA,NA,NA,"VA"
"740","Virginia","2019",58,2238,0,0,0,0,0,0,NA,NA,NA,"VA"
"741","Virginia","2013",1,60,0,2,1,0,1,3,0,55440000,4.8,"VA"
"742","Virginia","2014",17,719,0,2,1,0,1,1,897,50750000,3.9,"VA"
"743","Virginia","2020",61,2683,0,0,0,0,0,0,NA,NA,NA,"VA"
"744","Virginia","2008",6,57,0,1,0,0,1,0,0,36720000,4.51,"VA"
"745","Virginia","2009",9,79,0,1,0,0,1,0,0,43230000,3.66,"VA"
"746","Virginia","2021",64,3482,0,0,0,0,0,0,NA,NA,NA,"VA"
"747","Virginia","2007",5,54,0,1,0,0,1,0,0,34830000,4.39,"VA"
"748","Virginia","2017",31,1261,0,0,0,0,0,0,NA,NA,NA,"VA"
"749","Virginia","2015",18,892,0,0,0,0,0,0,NA,NA,NA,"VA"
"750","Virginia","2018",47,1613,0,0,0,0,0,0,NA,NA,NA,"VA"
"751","Virginia","2012",1,37,1,2,1,0,1,3,0,36050000,7.3,"VA"
"752","Virginia","2010",11,78,2,1,0,0,1,2,0,20770000,5.54,"VA"
"753","Washington","2008",14,123,1,2,1,0,1,2,0,18450000,4.56,"WA"
"754","Washington","2014",21,1632,0,5,1,0,4,2,0,23650000,4.9,"WA"
"755","Washington","2018",20,2741,0,1,0,0,1,1,0,18700000,4.11,"WA"
"756","Washington","2017",19,2320,0,1,0,0,1,1,0,1.8e+07,4.05,"WA"
"757","Washington","2009",15,144,2,3,1,0,2,3,0,22575000,4.59,"WA"
"758","Washington","2012",20,1221,1,5,1,0,4,3,0,24725000,6.69,"WA"
"759","Washington","2011",19,571,1,5,1,0,4,2,0,28125000,6.22,"WA"
"760","Washington","2021",14,4471,0,0,0,0,0,0,NA,NA,NA,"WA"
"761","Washington","2010",15,142,1,4,1,0,3,3,0,25625000,6.08,"WA"
"762","Washington","2020",16,3932,0,0,0,0,0,0,NA,NA,NA,"WA"
"763","Washington","2022",12,4654,0,0,0,0,0,0,NA,NA,NA,"WA"
"764","Washington","2015",21,1756,0,4,1,0,3,2,0,16125000,4.3,"WA"
"765","Washington","2013",24,1476,0,5,1,0,4,2,0,22575000,5.29,"WA"
"766","Washington","2007",7,112,2,2,1,0,1,1,0,24150000,4.5,"WA"
"767","Washington","2019",20,3371,0,0,0,0,0,0,NA,NA,NA,"WA"
"768","Washington","2016",21,2013,1,1,0,0,1,2,0,19975000,4.71,"WA"
"769","West Virginia","2016",11,126,0,0,0,0,0,0,NA,NA,NA,"WV"
"770","West Virginia","2008",3,10,0,0,0,0,0,0,NA,NA,NA,"WV"
"771","West Virginia","2007",3,12,0,0,0,0,0,0,NA,NA,NA,"WV"
"772","West Virginia","2013",115,430,0,0,0,0,0,0,NA,NA,NA,"WV"
"773","West Virginia","2015",9,98,0,0,0,0,0,0,NA,NA,NA,"WV"
"774","West Virginia","2010",3,14,1,0,0,0,0,1,0,2610000,5.75,"WV"
"775","West Virginia","2011",140,267,0,0,0,0,0,1,0,3534000,6.5,"WV"
"776","West Virginia","2017",33,247,0,0,0,0,0,0,NA,NA,NA,"WV"
"777","West Virginia","2018",33,260,1,0,0,0,0,1,0,5016000,4.08,"WV"
"778","West Virginia","2019",34,295,0,0,0,0,0,1,0,6270000,4.1,"WV"
"779","West Virginia","2020",37,311,0,0,0,0,0,1,0,5472000,4.7,"WV"
"780","West Virginia","2012",126,398,0,0,0,0,0,1,0,4480000,7.2,"WV"
"781","West Virginia","2009",3,13,0,0,0,0,0,0,NA,NA,NA,"WV"
"782","West Virginia","2022",38,444,0,0,0,0,0,1,NA,NA,NA,"WV"
"783","West Virginia","2021",38,365,0,0,0,0,0,1,0,5472000,6.1,"WV"
"784","West Virginia","2014",9,127,0,0,0,0,0,0,NA,NA,NA,"WV"
"785","Wisconsin","2009",127,191,0,1,1,0,0,5,11000,448290000,3.57,"WI"
"786","Wisconsin","2019",227,1059,0,0,0,0,0,0,NA,NA,NA,"WI"
"787","Wisconsin","2013",4,63,0,1,1,0,0,1,11751,439350000,4.38,"WI"
"788","Wisconsin","2012",4,52,0,1,1,0,0,2,11956,3.96e+08,6.69,"WI"
"789","Wisconsin","2016",151,734,0,0,0,0,0,1,13827,573160000,3.28,"WI"
"790","Wisconsin","2020",256,1202,0,1,0,1,0,0,10990,506890000,4.44,"WI"
"791","Wisconsin","2008",113,173,2,1,1,0,0,5,10652,394560000,3.89,"WI"
"792","Wisconsin","2007",84,152,1,1,1,0,0,4,6759,442800000,4.11,"WI"
"793","Wisconsin","2021",261,1310,1,1,0,1,0,0,12600,5.4e+08,6,"WI"
"794","Wisconsin","2017",157,790,0,0,0,0,0,1,14333,509820000,3.3,"WI"
"795","Wisconsin","2010",132,203,2,1,1,0,0,7,11629,502200000,5.27,"WI"
"796","Wisconsin","2011",3,20,0,1,1,0,0,4,12354,514600000,6.02,"WI"
"797","Wisconsin","2014",136,561,0,0,0,0,0,1,13035,485160000,3.67,"WI"
"798","Wisconsin","2015",156,670,0,0,0,0,0,1,13460,4.92e+08,3.46,"WI"
"799","Wisconsin","2022",257,1461,0,0,0,0,0,0,NA,NA,NA,"WI"
"800","Wisconsin","2018",212,900,0,0,0,0,0,1,15113,545240000,3.52,"WI"
"801","Wyoming","2011",5,48,1,0,0,0,0,1,269,9100000,6.2,"WY"
"802","Wyoming","2010",6,52,0,0,0,0,0,0,NA,NA,NA,"WY"
"803","Wyoming","2015",11,98,0,0,0,0,0,1,209,9381000,3.44,"WY"
"804","Wyoming","2016",10,129,1,1,0,1,0,0,0,10143000,3.39,"WY"
"805","Wyoming","2017",12,149,0,1,0,1,0,0,0,9765000,3.35,"WY"
"806","Wyoming","2014",10,69,0,0,0,0,0,1,303,8280000,3.8,"WY"
"807","Wyoming","2020",10,213,0,1,0,1,0,0,0,6588000,3.95,"WY"
"808","Wyoming","2021",9,222,0,1,0,1,0,0,0,10428000,6,"WY"
"809","Wyoming","2022",8,246,0,1,0,1,0,0,NA,NA,NA,"WY"
"810","Wyoming","2019",11,203,1,1,0,1,0,0,0,8241000,3.45,"WY"
"811","Wyoming","2007",5,58,0,1,1,0,0,0,120,7740000,3.12,"WY"
"812","Wyoming","2008",6,55,0,1,1,0,0,0,150,6968000,4.25,"WY"
"813","Wyoming","2009",6,51,0,1,1,0,0,0,155,6300000,4.06,"WY"
"814","Wyoming","2018",12,179,0,0,0,0,0,0,NA,NA,NA,"WY"
"815","Wyoming","2012",9,53,0,0,0,0,0,1,314,8520000,7.05,"WY"
"816","Wyoming","2013",9,52,0,0,0,0,0,1,317,8509000,4.08,"WY"
